"시도별","산업별",2014. 01,2014. 02,2014. 03,2014. 04,2014. 05,2014. 06,2014. 07,2014. 08,2014. 09,2014. 10,2014. 11,2014. 12,2015. 01,2015. 02,2015. 03,2015. 04,2015. 05,2015. 06,2015. 07,2015. 08,2015. 09,2015. 10,2015. 11,2015. 12,2016. 01,2016. 02,2016. 03,2016. 04,2016. 05,2016. 06,2016. 07,2016. 08,2016. 09,2016. 10,2016. 11,2016. 12,2017. 01,2017. 02,2017. 03,2017. 04,2017. 05,2017. 06,2017. 07,2017. 08,2017. 09,2017. 10,2017. 11,2017. 12,2018. 01,2018. 02,2018. 03,2018. 04,2018. 05,2018. 06,2018. 07,2018. 08,2018. 09,2018. 10,2018. 11,2018. 12,2019. 01,2019. 02,2019. 03,2019. 04,2019. 05,2019. 06,2019. 07,2019. 08,2019. 09,2019. 10,2019. 11,2019. 12,2020. 01,2020. 02,2020. 03,2020. 04,2020. 05,2020. 06 p),2020. 07 p)
"시도별","산업별",생산지수(원지수),생산지수(원지수),생산지수(원지수),생산지수(원지수),생산지수(원지수),생산지수(원지수),생산지수(원지수),생산지수(원지수),생산지수(원지수),생산지수(원지수),생산지수(원지수),생산지수(원지수),생산지수(원지수),생산지수(원지수),생산지수(원지수),생산지수(원지수),생산지수(원지수),생산지수(원지수),생산지수(원지수),생산지수(원지수),생산지수(원지수),생산지수(원지수),생산지수(원지수),생산지수(원지수),생산지수(원지수),생산지수(원지수),생산지수(원지수),생산지수(원지수),생산지수(원지수),생산지수(원지수),생산지수(원지수),생산지수(원지수),생산지수(원지수),생산지수(원지수),생산지수(원지수),생산지수(원지수),생산지수(원지수),생산지수(원지수),생산지수(원지수),생산지수(원지수),생산지수(원지수),생산지수(원지수),생산지수(원지수),생산지수(원지수),생산지수(원지수),생산지수(원지수),생산지수(원지수),생산지수(원지수),생산지수(원지수),생산지수(원지수),생산지수(원지수),생산지수(원지수),생산지수(원지수),생산지수(원지수),생산지수(원지수),생산지수(원지수),생산지수(원지수),생산지수(원지수),생산지수(원지수),생산지수(원지수),생산지수(원지수),생산지수(원지수),생산지수(원지수),생산지수(원지수),생산지수(원지수),생산지수(원지수),생산지수(원지수),생산지수(원지수),생산지수(원지수),생산지수(원지수),생산지수(원지수),생산지수(원지수),생산지수(원지수),생산지수(원지수),생산지수(원지수),생산지수(원지수),생산지수(원지수),생산지수(원지수),생산지수(원지수)
"전국","석탄, 원유 및 천연가스 광업",138.579,128.934,138.917,139.255,84.433,117.766,122.335,118.274,111.168,117.259,111.675,115.905,102.6,85.1,108.4,108.7,87.2,109.3,103.5,85.8,94.6,101.0,105.6,108.0,95.3,83.9,103.7,94.4,96.8,98.8,100.3,85.5,88.4,98.1,110.1,106.2,90.1,92.1,100.6,93.9,83.8,100.4,83.3,76.2,84.1,63.0,85.0,85.0,88.8,73.9,84.8,85.6,84.2,83.2,72.8,70.1,61.2,51.6,64.7,60.0,74.9,62.8,69.6,77.1,72.2,69.1,67.6,66.3,48.1,35.6,50.6,57.5,63.2,60.5,65.4,61.5,60.6,60.4,51.4
"전국","석탄 광업",104.947,104.711,113.192,119.199,91.284,86.808,96.113,92.697,88.457,97.409,93.757,100.942,100.0,83.1,107.6,108.5,85.8,110.0,104.5,86.0,95.1,104.2,106.4,108.8,96.0,84.4,105.1,97.4,98.0,102.1,100.1,90.0,93.3,99.5,108.5,102.6,86.6,89.6,97.8,91.0,79.7,97.9,80.5,73.5,82.1,62.4,83.0,82.5,84.4,67.3,81.1,81.9,77.8,78.7,68.2,60.0,53.5,59.9,66.5,54.4,69.2,56.2,62.2,71.8,63.7,58.7,59.6,59.2,61.4,60.1,67.0,62.2,55.0,62.6,68.5,63.0,56.0,64.0,59.6
"전국","원유 및 천연가스 채굴업",214.571,184.000,197.714,184.571,68.857,188.000,181.714,176.000,162.571,162.286,152.000,150.000,148.5,122.6,122.8,112.8,113.5,95.6,85.0,82.8,84.8,44.1,92.9,94.6,82.8,75.4,78.5,39.5,74.9,39.2,104.8,4.4,0.0,74.1,139.1,171.1,169.4,151.1,167.1,162.5,176.8,159.9,147.5,138.7,132.7,79.0,132.7,143.9,156.0,139.3,147.5,148.8,154.8,147.4,131.2,143.5,121.7,57.5,98.3,113.9,134.4,114.8,127.3,137.9,133.1,129.9,124.5,121.3,67.4,33.7,68.3,93.2,116.4,101.4,109.0,103.7,108.4,99.8,79.6
"전국","금속 광업",128.897,112.167,121.926,140.304,131.179,139.037,130.292,113.561,120.532,130.545,127.503,123.701,102.2,81.7,102.5,109.5,105.1,108.4,88.4,94.6,97.4,103.2,103.1,103.9,86.1,95.5,111.3,99.3,97.6,92.2,99.7,110.2,94.3,102.0,102.4,49.7,20.7,23.7,38.8,85.5,103.7,109.8,96.0,101.2,101.2,88.1,106.6,133.1,105.5,90.4,106.4,103.9,90.9,104.3,120.1,107.4,100.8,114.6,120.7,92.5,89.0,75.6,94.7,104.1,105.5,102.6,112.1,106.3,100.5,91.6,95.2,100.1,105.8,129.8,131.7,138.4,120.2,129.4,131.8
"전국","철 광업",128.897,112.167,121.926,140.304,131.179,139.037,130.292,113.561,120.532,130.545,127.503,123.701,102.2,81.7,102.5,109.5,105.1,108.4,88.4,94.6,97.4,103.2,103.1,103.9,86.1,95.5,111.3,99.3,97.6,92.2,99.7,110.2,94.3,102.0,102.4,49.7,20.7,23.7,38.8,85.5,103.7,109.8,96.0,101.2,101.2,88.1,106.6,133.1,105.5,90.4,106.4,103.9,90.9,104.3,120.1,107.4,100.8,114.6,120.7,92.5,89.0,75.6,94.7,104.1,105.5,102.6,112.1,106.3,100.5,91.6,95.2,100.1,105.8,129.8,131.7,138.4,120.2,129.4,131.8
"전국","비금속광물 광업;연료용 제외",66.786,61.670,85.637,110.054,120.467,108.438,109.425,89.408,92.819,103.501,93.178,81.239,72.3,62.7,93.3,105.8,116.2,121.3,107.4,99.6,105.1,109.0,100.4,106.9,77.9,71.9,101.2,113.2,119.1,122.6,106.8,111.0,103.8,110.3,115.2,108.9,79.3,78.2,106.3,110.8,125.9,130.1,103.3,99.3,107.3,95.9,108.4,100.7,71.0,62.0,92.1,99.0,107.7,107.2,98.8,89.5,87.5,106.1,104.4,93.2,77.2,61.1,89.7,99.8,106.3,101.2,92.6,85.5,76.6,96.8,101.3,100.1,72.4,74.3,92.1,106.0,98.8,101.2,82.7
"전국","토사석 광업",73.291,67.183,94.075,102.735,103.191,101.185,101.367,87.876,92.616,104.376,102.552,89.335,72.8,63.0,94.2,105.3,114.3,117.7,106.8,99.3,105.2,110.5,101.9,109.0,78.4,72.4,102.8,114.1,117.7,122.2,105.4,106.7,103.8,111.8,117.1,110.5,80.0,78.8,107.5,111.2,124.7,126.2,102.5,98.9,107.4,96.7,109.5,101.7,70.6,62.0,92.2,98.7,106.8,105.5,96.2,86.2,86.0,106.4,105.5,94.7,77.6,61.6,90.6,100.1,103.8,99.4,91.7,83.5,76.0,97.4,102.1,101.0,72.9,74.3,92.8,104.8,98.2,100.5,82.9
"전국","기타 비금속광물 광업",17.457,19.905,22.038,164.929,250.790,162.322,169.984,100.869,93.523,96.682,22.117,20.221,58.1,53.9,66.1,119.3,168.8,219.7,124.9,108.7,102.4,67.6,60.1,50.3,61.9,58.5,56.5,89.4,156.3,134.9,144.0,228.1,105.4,69.2,62.4,64.9,47.5,55.2,56.4,97.9,183.1,307.4,137.7,118.1,103.8,61.7,60.8,57.4,81.7,62.6,92.0,108.9,130.1,149.5,161.3,165.0,123.2,102.9,80.5,63.3,66.9,48.6,67.4,91.4,171.3,150.5,114.4,138.5,92.1,82.2,78.9,75.2,61.5,75.3,76.3,137.8,115.6,117.6,77.6
"전국","제조업",97.689,93.068,104.436,104.159,100.555,100.832,104.436,93.715,95.749,102.126,100.555,105.730,97.8,87.6,102.8,101.9,97.9,102.3,100.6,94.5,100.7,106.3,103.2,104.4,97.2,89.2,105.5,100.3,103.6,106.0,102.8,97.6,99.2,105.7,109.7,111.0,99.1,97.6,110.9,104.7,105.6,106.4,104.7,101.1,110.6,100.4,109.5,105.6,104.2,91.7,108.1,106.8,108.1,108.4,108.2,105.1,103.0,113.3,109.8,106.9,103.8,88.3,105.2,106.9,108.6,106.0,110.3,102.8,104.6,112.3,111.2,114.3,101.1,98.8,113.8,101.5,97.8,105.5,107.6
"전국","식료품 제조업",101.218,89.597,97.938,101.218,98.782,96.251,103.843,99.344,95.314,101.781,92.596,100.937,103.7,88.4,101.8,101.5,97.3,100.3,101.5,99.2,100.8,103.1,98.8,103.7,103.1,90.8,106.2,101.1,103.7,103.2,103.0,105.8,100.9,104.8,105.4,104.6,103.3,95.3,106.6,100.1,102.1,103.2,100.6,106.3,114.5,95.8,105.0,102.1,108.6,92.3,103.0,102.5,108.1,102.6,102.1,107.0,100.9,110.6,107.5,104.3,115.8,89.3,105.5,108.6,109.8,102.5,110.6,106.7,102.8,112.7,109.8,110.5,108.1,101.1,112.1,108.8,104.3,108.1,111.4
"전국","도축, 육류 가공 및 저장 처리업",105.596,84.404,98.532,100.000,99.725,96.697,108.716,119.358,93.945,105.780,91.376,102.569,115.6,92.7,97.9,101.1,90.6,93.9,102.9,104.4,108.0,100.2,88.7,103.9,117.0,88.6,107.3,95.9,100.0,94.6,106.9,113.3,96.2,100.8,102.9,107.4,112.7,94.0,105.9,95.1,97.5,99.7,98.7,112.6,114.1,98.7,104.3,102.3,117.9,96.5,104.3,105.9,111.7,107.2,101.7,113.8,109.1,111.8,114.7,117.6,142.9,98.6,110.0,114.6,120.8,112.3,121.3,130.5,112.2,126.7,115.6,122.6,125.9,114.1,121.8,115.0,103.0,113.4,124.9
"전국","수산물 가공 및 저장 처리업",109.696,85.932,98.384,93.346,90.589,86.692,97.719,99.430,96.768,103.232,94.011,112.833,106.4,90.6,102.4,102.9,91.3,92.4,95.9,94.7,106.6,106.6,104.1,106.3,111.3,92.4,111.1,106.4,101.2,97.9,95.7,97.5,101.6,98.1,99.9,101.8,102.0,91.1,101.9,100.6,94.9,94.7,91.5,97.3,112.3,86.3,99.9,97.6,106.5,93.1,99.1,96.6,104.2,92.0,93.7,92.5,96.3,107.0,104.1,100.6,113.1,83.1,96.7,102.9,100.0,91.9,95.5,98.6,94.7,104.0,101.7,103.3,99.2,87.3,95.9,96.4,85.9,95.2,94.3
"전국","과실, 채소 가공 및 저장 처리업",88.333,87.708,114.688,93.438,94.375,91.146,93.854,100.729,101.979,99.479,105.417,103.958,88.8,82.8,100.2,98.0,93.6,102.8,104.0,99.1,106.3,110.2,111.4,102.8,93.6,90.2,107.4,99.4,102.0,110.5,109.6,115.8,120.9,123.9,129.4,109.1,94.3,98.7,113.6,105.9,105.8,112.2,111.4,129.0,131.1,114.4,133.3,106.5,101.4,97.7,119.2,117.8,114.3,114.7,124.2,142.5,136.9,143.2,144.3,111.2,109.1,94.3,113.3,124.4,122.7,121.6,131.2,137.4,135.0,134.1,147.8,113.3,96.3,103.6,113.6,116.4,115.0,130.3,143.7
"전국","동물성 및 식물성 유지 제조업",95.295,78.321,92.804,87.177,83.579,84.779,88.284,90.867,87.362,90.221,84.410,81.642,101.5,98.0,98.5,97.1,100.7,102.4,99.3,119.2,103.2,85.9,95.5,98.6,104.2,95.0,99.7,95.7,100.4,98.5,104.1,100.5,91.8,84.7,104.1,103.5,107.7,81.2,105.9,90.4,95.1,96.0,94.1,96.5,102.0,98.0,96.7,98.5,97.1,88.4,97.7,87.8,93.8,88.0,94.0,101.5,91.6,93.4,89.7,94.9,100.7,83.5,95.9,93.9,93.0,95.6,100.8,96.1,95.9,82.9,91.4,102.6,97.9,92.5,96.4,78.0,81.3,83.6,80.6
"전국","낙농제품 및 식용빙과류 제조업",96.403,93.011,104.317,111.100,117.986,122.302,125.694,113.566,100.617,98.664,86.228,91.675,89.3,80.9,103.8,107.3,114.2,117.3,118.0,113.0,95.3,95.4,82.4,83.1,87.3,84.8,104.8,105.7,116.7,119.7,121.2,125.6,102.1,94.0,85.6,85.3,90.6,86.9,106.0,107.1,119.3,119.6,121.7,117.2,106.2,92.9,84.0,80.7,89.7,80.8,100.5,105.6,112.2,111.7,116.9,122.0,94.5,92.6,83.5,81.3,94.6,83.2,102.4,104.5,112.6,109.4,114.7,105.8,93.3,95.5,85.1,86.1,87.0,85.5,99.3,101.5,104.7,110.6,107.4
"전국","곡물가공품, 전분 및 전분제품 제조업",99.347,85.168,94.216,98.041,95.616,91.418,101.306,99.347,93.004,98.694,92.631,97.575,105.7,86.5,101.8,95.9,95.4,100.5,102.5,104.0,100.6,100.8,102.0,104.3,107.4,89.1,101.2,98.4,96.2,99.7,97.2,105.3,94.4,98.8,106.3,105.7,103.9,93.1,100.0,92.6,96.0,98.3,101.2,107.5,111.1,89.9,100.1,99.2,108.0,89.4,100.3,94.6,99.3,98.2,100.3,101.6,95.2,106.4,101.8,102.9,111.8,83.1,95.9,101.8,104.3,99.1,108.3,109.9,95.1,107.1,103.6,104.6,104.6,94.0,97.9,96.9,96.3,102.7,105.7
"전국","기타 식품 제조업",100.807,91.749,95.785,103.229,96.413,92.466,100.807,91.659,93.722,103.139,93.363,101.166,106.7,89.4,102.7,101.8,95.1,97.2,97.0,93.7,99.7,105.3,102.4,108.9,105.5,92.3,107.8,101.5,103.6,101.8,100.3,101.8,101.4,110.9,110.1,109.9,107.8,100.6,109.9,102.1,101.6,102.3,97.2,103.6,118.9,97.2,110.7,109.0,115.5,95.1,104.1,103.6,109.2,101.5,98.8,103.3,100.4,114.3,112.2,109.4,121.6,91.5,109.3,111.2,110.4,100.7,110.3,103.5,104.4,118.2,116.4,118.4,115.8,108.0,121.1,115.5,109.0,109.6,113.8
"전국","동물용 사료 및 조제식품 제조업",105.340,93.301,97.282,99.709,100.194,97.379,101.165,96.214,98.252,102.330,95.534,107.961,103.7,90.7,98.5,99.0,99.1,101.8,103.4,97.7,100.3,104.0,97.0,104.8,96.0,93.1,101.1,97.1,99.0,98.0,95.4,95.3,97.2,97.0,101.7,100.8,92.8,87.7,96.4,88.9,95.6,95.8,92.0,96.3,102.5,93.5,102.0,102.6,101.7,90.5,98.1,96.6,103.3,101.2,97.4,98.7,99.4,111.5,106.3,104.8,108.8,90.8,99.9,102.7,106.4,100.4,106.4,101.2,100.6,108.9,103.3,105.9,105.4,98.1,105.3,105.8,104.0,104.1,109.5
"전국","음료 제조업",88.163,83.304,94.611,103.975,105.477,105.654,112.721,102.739,99.028,101.502,84.276,85.071,93.8,78.3,97.1,102.5,103.0,112.2,113.4,110.8,101.7,102.1,91.8,93.2,92.2,82.7,103.7,102.4,107.1,114.8,110.2,118.7,109.2,108.4,100.7,94.6,92.0,93.6,102.5,102.8,113.2,120.0,116.0,119.6,116.6,95.1,104.4,92.6,103.9,89.9,106.1,103.2,111.2,113.5,119.7,118.5,102.1,112.3,94.1,90.0,106.3,85.3,101.8,108.9,118.1,110.7,113.1,108.4,100.7,104.7,92.3,90.0,95.8,88.8,91.4,100.2,103.1,116.5,115.8
"전국","알콜음료 제조업",94.559,82.645,92.308,101.032,102.814,107.129,110.600,98.968,102.908,102.720,89.400,97.467,100.5,83.1,93.8,99.7,99.5,108.8,110.3,108.4,103.0,98.0,93.2,101.6,93.1,84.0,96.8,97.5,103.9,109.6,101.8,107.0,101.3,108.6,102.9,95.6,87.8,88.6,97.4,96.2,107.1,115.0,105.7,112.6,108.4,89.2,104.0,93.9,97.1,86.7,97.8,94.0,103.2,105.6,111.6,107.6,90.5,106.1,86.1,85.8,97.5,78.7,92.1,98.3,105.1,99.5,98.1,99.0,90.1,92.1,81.9,85.7,90.2,79.5,81.1,87.9,92.0,105.8,103.5
"전국","비알콜음료 및 얼음 제조업",81.152,83.951,97.037,107.078,108.313,103.868,115.062,106.831,94.733,100.082,78.601,71.523,86.4,72.9,100.6,105.7,106.8,115.9,116.8,113.4,100.3,106.7,90.2,84.1,91.2,81.2,111.2,107.8,110.7,120.4,119.4,131.4,117.9,108.2,98.4,93.6,96.7,99.2,108.2,110.3,120.2,125.5,127.7,127.6,125.9,101.7,104.6,90.7,111.6,93.4,115.8,114.1,120.5,122.6,129.0,131.2,115.9,119.3,103.3,94.8,116.9,93.1,113.7,121.9,134.5,124.4,132.4,119.7,113.9,120.7,105.5,94.3,101.5,100.5,104.6,116.0,116.9,129.4,131.1
"전국","담배 제조업",97.923,97.300,104.881,100.104,91.485,104.673,141.433,107.580,114.849,115.888,116.096,102.804,81.3,72.6,92.2,96.5,88.4,109.6,115.2,101.9,111.3,113.4,110.6,107.0,104.3,96.3,127.4,113.0,114.8,119.9,108.2,119.9,105.6,109.0,127.0,110.1,121.1,120.7,135.5,133.3,117.0,134.9,136.1,111.7,135.2,98.2,127.1,101.6,119.2,102.9,120.7,113.3,116.6,111.0,118.9,105.7,101.2,118.5,125.7,79.6,111.3,92.9,127.7,132.1,131.3,128.4,147.3,119.0,117.4,115.2,125.7,104.4,114.4,125.7,128.5,111.0,109.5,135.6,161.8
"전국","담배 제조업",97.923,97.300,104.881,100.104,91.485,104.673,141.433,107.580,114.849,115.888,116.096,102.804,81.3,72.6,92.2,96.5,88.4,109.6,115.2,101.9,111.3,113.4,110.6,107.0,104.3,96.3,127.4,113.0,114.8,119.9,108.2,119.9,105.6,109.0,127.0,110.1,121.1,120.7,135.5,133.3,117.0,134.9,136.1,111.7,135.2,98.2,127.1,101.6,119.2,102.9,120.7,113.3,116.6,111.0,118.9,105.7,101.2,118.5,125.7,79.6,111.3,92.9,127.7,132.1,131.3,128.4,147.3,119.0,117.4,115.2,125.7,104.4,114.4,125.7,128.5,111.0,109.5,135.6,161.8
"전국","섬유제품 제조업; 의복제외",101.002,98.218,114.699,117.149,114.031,111.024,114.254,97.884,96.993,109.020,100.891,103.786,96.6,84.8,106.9,107.3,103.2,103.2,102.2,91.9,97.5,104.6,101.0,100.8,94.6,86.6,106.2,103.0,102.8,103.0,97.4,91.6,92.0,101.7,102.7,100.4,87.9,90.7,102.8,99.7,99.0,97.9,93.8,89.6,100.5,88.2,100.2,91.6,90.0,76.9,94.8,95.0,97.1,90.7,88.8,83.3,79.1,95.1,89.4,84.7,84.9,70.9,86.4,89.3,89.6,83.1,86.9,78.1,78.4,89.0,83.5,82.9,75.0,76.8,86.3,65.8,61.0,68.3,76.3
"전국","방적 및 가공사 제조업",105.414,97.665,114.225,110.722,108.705,101.486,105.732,96.391,97.558,107.856,100.955,103.291,100.5,83.6,103.8,100.1,98.7,99.1,102.4,95.8,98.9,107.8,102.4,106.8,103.0,87.4,101.7,98.8,102.2,100.7,98.2,88.6,89.9,99.1,99.0,98.5,88.0,89.7,99.2,94.6,91.5,93.7,91.3,85.8,89.9,80.2,84.6,82.7,79.7,66.7,80.8,78.9,77.4,71.2,69.9,66.1,64.0,76.7,71.0,70.0,72.3,59.3,70.5,70.0,70.4,65.6,67.3,61.2,58.1,67.6,62.4,63.5,58.9,56.1,62.8,51.2,43.0,49.5,51.6
"전국","직물직조 및 직물제품 제조업",109.181,105.831,123.945,124.318,124.690,128.288,133.127,104.094,98.759,112.035,103.970,111.538,97.9,84.3,104.1,106.9,104.9,103.3,101.4,92.8,98.9,104.8,101.8,99.1,89.3,79.9,99.0,94.6,94.8,95.0,88.4,83.3,82.8,91.4,95.3,93.1,78.8,83.6,92.8,92.3,92.6,92.8,88.3,85.3,95.6,85.8,96.0,84.7,84.9,73.3,85.5,92.2,95.1,89.5,88.7,82.1,77.2,95.0,90.0,84.2,82.5,69.1,84.9,89.3,90.7,83.7,88.6,79.2,80.5,89.9,84.9,82.9,73.2,71.9,84.0,69.0,63.4,67.8,78.0
"전국","편조원단 및 편조제품 제조업",137.987,134.497,153.691,150.604,138.523,133.960,144.027,129.396,118.121,118.121,108.322,110.738,102.8,88.6,108.8,105.6,98.0,103.1,98.0,86.6,94.8,101.6,101.1,111.0,104.7,97.7,114.6,113.8,111.5,118.3,113.8,106.1,105.8,107.1,105.7,107.5,97.9,103.7,121.9,113.5,113.1,105.9,96.9,90.9,107.2,92.5,103.7,101.8,108.1,90.0,116.4,108.0,110.8,116.1,115.5,91.0,87.1,96.5,92.0,102.5,101.0,90.4,102.8,95.5,96.9,88.1,89.3,78.8,75.1,79.0,81.3,79.4,71.9,80.4,83.6,53.5,41.8,49.9,64.6
"전국","섬유제품 염색, 정리 및 마무리 가공업",86.681,91.232,111.654,121.643,113.651,107.325,107.214,91.454,96.892,114.206,99.445,101.332,90.7,80.5,111.8,113.9,103.0,101.5,100.5,86.9,97.5,108.2,103.0,102.4,93.2,89.7,119.5,116.7,112.1,111.5,101.6,98.4,100.6,114.4,113.1,108.1,88.1,92.8,112.6,107.6,107.1,102.0,95.8,89.8,109.1,90.1,110.0,98.0,89.6,76.1,103.2,98.7,101.4,91.8,86.5,82.3,77.9,94.4,87.7,80.3,81.6,67.2,85.0,88.2,88.2,78.6,81.4,68.0,74.1,88.4,82.2,82.2,71.7,76.8,80.8,54.3,49.6,58.5,63.1
"전국","기타 섬유제품 제조업",98.930,92.315,102.529,103.502,102.140,97.763,101.070,93.872,92.023,99.708,97.763,97.082,98.2,90.8,106.6,104.1,104.3,107.1,106.1,95.1,95.1,98.9,96.9,96.8,98.2,91.1,102.7,100.6,103.4,104.1,103.5,95.7,95.2,103.5,103.5,102.7,100.6,97.3,106.5,102.2,101.1,101.2,99.9,96.7,101.8,91.8,102.4,98.0,101.1,86.8,104.8,100.7,102.8,97.1,96.7,93.4,89.9,104.4,98.7,94.8,96.3,81.0,95.7,98.9,97.5,95.1,99.4,96.3,90.6,100.2,93.6,93.8,90.7,96.3,110.5,84.2,84.2,94.9,105.8
"전국","의복, 의복액세서리 및 모피제품 제조업",112.085,101.422,116.114,114.573,84.479,79.502,92.773,101.303,120.498,133.175,103.318,89.336,87.1,82.2,102.6,95.9,86.2,78.5,86.0,92.3,119.4,140.9,123.1,105.8,107.0,85.0,108.9,98.2,86.4,78.2,80.8,90.2,106.3,115.9,101.7,102.9,100.6,91.9,110.3,91.9,82.3,79.2,81.4,90.9,118.7,107.5,103.0,93.0,100.7,81.5,97.0,92.2,80.0,78.5,85.8,92.6,104.9,116.9,101.5,91.3,100.0,70.8,93.2,82.8,77.1,73.4,80.3,86.0,96.4,105.6,93.2,85.5,91.1,60.5,64.1,66.5,59.3,61.3,60.0
"전국","봉제의복 제조업",110.855,102.771,117.321,117.667,86.490,74.942,88.915,98.152,120.439,136.374,106.120,90.300,89.0,82.9,104.7,98.1,87.0,76.4,83.7,91.6,115.7,142.7,123.0,105.3,109.5,87.4,111.7,101.8,88.3,76.8,79.2,90.2,109.1,120.4,104.4,104.0,102.6,95.9,115.7,95.2,85.3,79.1,81.4,90.9,115.2,109.5,105.8,91.7,98.6,82.2,97.7,93.2,81.3,77.5,82.0,90.8,106.2,120.8,105.5,90.2,101.4,72.6,94.5,85.0,78.6,71.0,80.2,87.4,98.9,109.4,95.3,86.6,92.6,60.8,66.2,68.4,59.4,59.3,60.2
"전국","모피가공 및 모피제품 제조업",-,-,-,-,-,-,-,-,-,-,-,-,-,-,-,-,-,-,-,-,-,-,-,-,-,-,-,-,-,-,-,-,-,-,-,-,-,-,-,-,-,-,-,-,-,-,-,-,-,-,-,-,-,-,-,-,-,-,-,-,-,-,-,-,-,-,-,-,-,-,-,-,-,-,-,-,-,-,-
"전국","편조의복 제조업",111.198,81.026,101.089,77.916,51.633,103.421,116.485,146.190,132.970,114.308,68.118,53.033,68.3,73.0,92.0,79.6,72.0,78.7,110.6,92.3,139.4,135.1,158.5,100.4,83.3,59.5,82.9,65.2,64.9,70.4,81.0,87.9,73.5,87.1,72.6,88.6,86.0,58.1,73.5,65.7,48.1,61.2,78.8,89.8,165.2,96.9,87.3,92.5,123.5,90.1,127.9,98.0,72.9,96.6,130.8,147.9,143.3,109.2,108.1,103.1,133.1,87.4,112.3,99.2,97.7,104.7,119.1,96.1,118.4,124.6,109.5,98.6,124.1,74.5,55.7,70.0,103.4,94.6,93.1
"전국","의복 액세서리 제조업",115.959,105.920,127.671,118.790,89.318,124.453,126.898,113.385,111.969,103.089,81.210,78.378,81.6,81.8,85.9,84.0,89.0,103.5,91.5,100.4,145.9,125.2,94.2,117.1,97.6,79.0,96.7,83.6,82.8,101.6,99.6,92.8,100.7,86.7,94.3,101.4,89.9,76.0,81.1,77.3,77.2,92.7,82.2,90.6,116.9,94.0,84.1,106.1,104.6,67.4,68.0,78.5,71.5,74.7,90.8,72.1,64.8,82.1,57.4,93.2,65.0,43.5,67.7,52.1,49.3,73.3,55.9,64.9,59.6,58.4,62.6,65.9,57.1,47.2,48.2,45.8,31.5,53.9,37.4
"전국","가죽, 가방 및 신발 제조업",113.956,103.272,113.282,114.244,106.545,97.690,105.486,97.401,100.000,109.336,110.876,98.460,104.6,87.4,101.3,112.0,112.8,105.3,100.0,93.3,88.8,93.6,98.2,102.6,100.4,87.4,97.8,100.8,91.1,89.8,94.0,90.5,89.8,92.3,96.1,80.0,90.5,78.6,83.2,93.9,82.9,81.2,77.2,71.2,90.8,78.7,76.2,79.8,84.9,69.3,85.8,91.4,86.6,80.4,94.9,87.3,81.9,84.4,79.8,67.2,72.2,56.3,77.6,77.0,79.2,67.5,74.0,68.3,75.4,73.8,73.4,63.8,66.6,52.5,52.8,49.4,46.2,46.5,46.8
"전국","가죽, 가방 및 유사제품 제조업",124.080,107.439,108.666,107.285,106.825,103.528,116.181,108.589,106.748,118.635,129.294,99.617,108.0,88.6,92.8,107.1,127.8,115.3,101.0,86.6,74.1,85.0,100.3,113.5,102.7,92.5,96.8,109.5,99.7,102.4,104.6,94.5,96.1,93.6,107.1,70.4,103.5,76.2,82.0,95.3,86.9,84.2,83.2,69.3,101.3,88.4,82.6,93.4,100.8,75.3,99.8,105.2,98.1,90.3,113.1,104.1,101.3,106.7,106.3,81.8,87.9,58.2,100.7,99.1,102.4,87.2,93.4,79.2,91.6,95.2,98.6,86.6,81.6,64.0,65.5,53.2,53.2,54.8,58.0
"전국","신발 및 신발부분품 제조업",100.730,97.810,119.100,123.114,105.961,90.024,91.484,82.847,91.119,96.959,86.740,96.837,101.4,86.2,109.6,116.8,98.1,95.5,99.0,99.9,103.2,102.0,96.2,92.0,98.1,82.5,98.9,92.4,82.8,77.6,83.7,86.6,83.7,90.9,85.3,89.4,77.8,81.0,84.4,92.5,78.9,78.3,71.4,73.0,80.5,69.2,70.0,66.5,69.3,63.4,72.0,77.9,75.3,70.7,77.1,70.7,62.8,62.5,53.6,52.9,57.4,51.7,57.4,57.5,58.8,50.1,56.5,57.0,60.0,55.0,52.0,44.7,52.4,41.5,41.1,43.4,38.4,38.0,36.4
"전국","목재 및 나무제품 제조업;가구제외",102.162,92.973,104.541,101.730,97.081,92.973,95.676,90.486,89.730,96.324,96.324,96.432,89.9,83.7,101.5,102.1,98.7,105.7,107.2,98.6,99.5,106.6,103.6,103.0,92.2,87.5,102.0,99.3,98.3,103.9,100.0,99.4,96.3,101.8,104.8,106.1,98.1,97.8,106.8,104.9,106.4,111.1,104.7,100.8,107.9,94.3,107.9,103.7,95.3,84.8,100.1,96.2,97.7,96.6,98.3,93.1,89.9,99.2,99.1,93.5,90.4,78.0,95.5,90.0,87.9,80.3,86.7,79.5,77.2,90.1,90.8,89.4,81.1,82.7,90.2,87.3,76.6,84.4,83.7
"전국","제재 및 목재 가공업",83.503,90.020,99.185,100.713,99.185,92.464,98.473,90.835,94.196,100.509,94.094,87.169,80.8,73.7,98.8,103.2,101.4,108.5,111.3,105.7,104.6,104.0,109.0,99.0,84.4,79.5,105.7,97.1,94.4,107.6,95.1,109.2,100.7,105.1,110.0,106.0,95.0,95.0,111.1,106.6,114.8,115.8,100.9,99.6,111.3,95.4,112.4,107.8,92.7,78.1,101.5,96.2,101.5,101.5,105.9,94.5,88.4,107.9,102.3,85.6,78.6,61.3,83.2,89.0,84.7,72.7,74.3,68.8,58.7,83.8,78.1,80.1,66.6,72.6,78.8,80.2,70.5,73.1,69.4
"전국","나무제품 제조업",109.624,94.137,106.748,102.102,96.239,93.142,94.469,90.376,87.832,94.690,97.235,100.111,93.4,87.4,102.5,101.6,97.6,104.6,105.7,95.9,97.6,107.6,101.5,104.5,95.2,90.6,100.6,100.1,99.8,102.5,101.9,95.7,94.6,100.6,102.9,106.1,99.1,98.7,105.4,104.3,103.7,109.6,105.9,101.2,106.8,93.9,106.4,102.4,95.9,86.7,99.6,96.1,96.5,95.2,96.1,92.6,90.3,96.6,98.1,95.6,93.6,82.6,99.0,90.3,88.7,82.4,90.2,82.4,82.3,91.7,94.2,92.0,85.4,85.5,93.3,89.1,78.0,87.5,87.9
"전국","펄프, 종이 및 종이제품 제조업",102.554,94.607,103.500,104.352,101.325,98.486,103.784,97.729,95.837,106.528,101.230,103.784,102.7,90.3,103.9,100.5,98.4,97.7,99.6,96.7,98.3,106.1,102.6,103.1,102.7,91.0,104.3,101.0,100.2,97.8,95.9,99.0,97.8,102.3,100.0,100.3,95.9,95.3,104.1,96.8,96.8,95.1,95.7,97.0,104.3,92.4,99.0,97.2,100.9,86.6,101.2,95.3,97.8,95.7,97.1,95.8,92.5,102.6,101.7,97.0,102.5,82.8,96.2,94.1,95.7,91.7,99.3,96.1,91.3,99.2,98.7,98.9,94.3,92.9,100.2,91.8,87.1,89.6,92.4
"전국","펄프, 종이 및 판지 제조업",108.513,99.282,110.154,107.795,106.872,102.872,104.718,97.744,95.897,106.667,104.410,106.667,104.0,92.9,106.4,101.8,100.9,97.1,98.7,95.5,96.1,103.8,100.4,102.4,103.6,94.1,106.5,103.4,104.3,97.8,96.3,96.6,95.1,102.5,99.8,103.9,99.7,97.2,107.1,103.9,104.0,99.1,106.0,101.9,105.3,102.1,104.8,104.6,102.7,94.1,113.1,103.8,106.4,107.5,107.3,103.9,101.8,109.2,110.2,108.9,111.5,94.9,109.8,100.6,105.6,104.0,104.7,102.7,96.2,104.0,103.7,106.7,101.8,97.9,105.0,96.5,88.3,87.3,92.6
"전국","골판지, 종이 상자 및 종이 용기 제조업",96.134,87.873,95.255,103.954,99.121,97.803,106.063,97.979,96.485,106.151,96.749,99.209,101.9,86.2,100.2,102.2,95.7,101.9,100.5,96.8,104.5,108.0,100.8,101.4,100.6,87.7,102.9,100.5,102.5,103.6,99.9,106.7,104.6,103.7,102.6,99.1,94.3,90.7,102.8,95.5,94.5,95.9,91.4,98.8,110.5,88.4,101.4,95.4,103.0,86.0,98.9,95.4,98.7,93.4,98.1,96.1,89.4,102.8,99.9,94.6,107.0,79.4,93.3,98.5,98.8,90.8,107.9,101.6,96.6,105.7,103.2,103.0,98.6,95.5,101.7,94.2,89.8,95.2,98.0
"전국","기타 종이 및 판지 제품 제조업",102.459,98.270,106.011,97.723,93.989,90.437,96.995,96.812,94.080,106.466,103.097,106.740,101.9,91.7,104.6,97.1,98.0,94.0,99.8,98.0,94.3,107.0,107.5,106.0,103.8,90.7,103.2,98.3,92.2,91.1,90.8,93.4,93.9,100.5,97.3,97.0,92.5,97.9,101.5,88.3,89.3,88.6,86.1,88.3,96.2,83.2,88.4,88.9,95.3,76.5,87.0,82.9,84.0,81.7,80.7,83.4,83.2,92.6,91.9,82.7,81.8,70.3,80.3,77.6,76.0,74.8,77.5,77.5,75.6,81.9,84.3,80.8,76.3,81.3,90.4,80.7,80.6,84.0,83.3
"전국","인쇄 및 기록매체 복제업",96.560,101.661,103.677,105.457,98.221,98.577,105.575,99.526,92.171,95.848,103.440,131.198,104.2,93.4,101.9,102.6,95.2,96.8,98.3,92.8,98.7,99.9,103.9,112.4,101.5,94.5,109.0,101.6,95.4,99.5,97.2,96.6,94.5,98.4,110.4,116.8,98.6,99.3,107.1,100.9,96.1,98.6,99.1,100.9,106.5,88.7,111.3,117.3,107.3,94.4,106.3,101.1,108.7,100.6,94.1,92.2,87.5,99.4,104.8,108.8,100.3,82.6,96.8,96.0,91.4,89.6,94.3,84.3,86.7,94.2,99.9,122.8,90.5,88.9,95.0,91.2,82.6,93.5,98.2
"전국","인쇄 및 인쇄관련 산업",95.657,100.822,103.169,104.695,97.887,98.239,105.164,99.061,91.667,95.423,103.052,131.573,104.2,93.4,101.9,102.6,95.2,96.8,98.3,92.8,98.7,99.9,103.9,112.4,101.5,94.5,109.0,101.6,95.4,99.5,97.2,96.6,94.5,98.4,110.4,116.8,98.6,99.3,107.1,100.9,96.1,98.6,99.1,100.9,106.5,88.7,111.3,117.3,107.3,94.4,106.3,101.1,108.7,100.6,94.1,92.2,87.5,99.4,104.8,108.8,100.3,82.6,96.8,96.0,91.4,89.6,94.3,84.3,86.7,94.2,99.9,122.8,90.5,88.9,95.0,91.2,82.6,93.5,98.2
"전국","코크스, 연탄 및 석유정제품 제조업",95.887,83.462,96.144,88.089,91.602,89.717,96.915,97.943,94.516,96.144,98.715,102.913,103.8,95.3,99.1,92.2,94.6,101.3,102.6,101.0,96.9,103.0,100.1,110.0,107.9,103.5,108.8,99.2,105.2,100.5,104.6,105.6,105.0,109.0,113.8,119.8,119.2,109.4,116.4,107.5,115.2,105.3,119.3,114.1,107.8,120.4,120.6,122.2,123.5,112.3,106.1,110.9,120.5,116.2,121.0,115.5,113.1,123.4,119.1,122.1,122.0,111.0,112.9,116.5,111.0,110.5,117.2,118.5,112.4,109.1,113.7,121.4,118.3,108.6,116.5,100.7,102.8,102.7,109.6
"전국","코크스 및 연탄 제조업",123.801,98.432,94.926,83.118,80.351,75.738,75.738,80.535,103.967,142.897,155.166,153.598,158.0,111.2,88.3,50.2,28.2,25.0,20.1,29.7,83.1,196.1,215.2,194.7,135.2,118.5,73.3,36.4,26.4,23.1,20.4,41.8,81.0,163.0,207.2,159.2,108.0,96.2,65.4,34.7,20.9,17.6,11.5,20.4,96.7,149.1,203.8,116.5,93.6,79.9,61.6,47.2,41.2,37.5,36.4,39.8,68.3,132.0,130.0,98.3,82.1,61.7,57.0,50.5,45.5,42.3,42.8,45.5,62.3,91.0,105.8,83.9,70.0,60.5,55.4,44.8,35.8,33.6,35.3
"전국","석유 정제품 제조업",95.719,83.390,96.062,88.099,91.610,89.726,97.003,97.945,94.435,95.890,98.459,102.654,101.9,94.7,99.5,93.7,96.9,104.0,105.5,103.4,97.4,99.8,96.1,107.0,106.9,102.9,110.0,101.4,107.9,103.2,107.6,107.8,105.8,107.2,110.6,118.4,119.6,109.8,117.9,109.5,117.9,107.7,122.3,116.7,108.2,119.8,118.6,122.5,124.4,113.3,107.5,112.8,123.0,118.6,123.6,117.9,114.5,123.1,118.7,122.8,123.2,112.5,114.7,118.5,113.1,112.7,119.6,120.8,114.0,109.6,113.9,122.5,119.8,110.1,118.4,102.5,105.0,104.9,112.1
"전국","화학물질 및 화학제품 제조업;의약품 제외",99.300,90.464,100.175,101.312,99.475,96.413,100.437,97.550,96.675,97.550,92.213,101.925,104.0,91.8,104.1,101.1,98.0,98.9,98.7,97.8,101.0,100.4,98.8,105.3,105.4,96.7,110.3,104.2,107.0,105.7,106.9,105.3,101.6,103.6,107.3,111.8,111.0,103.6,116.5,108.0,108.0,105.5,107.5,108.1,112.0,106.3,109.5,113.7,117.1,103.6,116.3,113.6,116.1,110.5,114.1,112.3,109.0,109.5,107.0,110.3,116.7,100.1,111.7,109.6,109.7,101.8,112.9,108.9,107.4,107.6,106.3,113.3,111.9,106.7,111.2,103.3,95.7,96.6,103.7
"전국","기초화학물질 제조업",101.818,90.649,100.000,97.576,98.355,95.325,98.355,99.740,98.182,98.442,91.602,103.810,104.7,94.3,99.3,94.8,96.4,98.0,101.8,101.7,102.1,101.1,100.6,105.1,103.4,98.3,106.7,98.8,105.9,103.7,107.8,108.2,102.9,102.0,104.9,111.9,113.4,104.0,112.4,106.5,109.1,104.5,111.5,112.6,111.6,113.7,108.6,116.7,116.6,103.9,111.9,111.0,114.8,110.2,113.9,112.9,110.6,107.4,101.7,110.4,114.2,102.3,109.3,102.8,103.3,100.5,113.4,112.8,111.2,105.1,101.9,113.4,113.2,106.4,104.6,95.9,94.5,93.3,102.4
"전국","비료 및 질소화합물 제조업",109.681,113.105,141.677,129.280,120.189,110.980,114.050,93.861,100.708,54.545,100.472,105.903,110.3,117.6,140.4,112.9,126.3,100.8,83.8,74.5,84.7,59.3,74.3,115.2,112.0,92.5,117.0,113.6,120.7,102.0,75.4,74.0,72.5,40.4,80.2,100.5,108.8,104.7,131.2,136.3,142.7,121.3,117.2,79.8,76.1,53.8,94.5,105.3,117.5,108.9,137.7,131.8,137.0,125.1,113.2,84.9,90.1,62.6,84.9,101.3,125.5,109.8,131.7,125.1,130.7,114.9,111.1,83.1,73.4,70.2,93.5,88.8,109.6,114.3,128.6,128.5,134.7,116.2,106.8
"전국","합성고무 및 플라스틱 물질 제조업",100.191,93.899,101.430,101.144,103.813,101.335,102.669,100.381,97.426,94.948,91.134,100.477,101.9,93.8,102.5,97.6,97.9,99.1,103.3,101.3,102.8,98.6,97.6,103.7,106.2,98.5,107.7,99.7,105.8,106.0,107.7,104.7,100.7,101.0,104.4,108.4,111.3,101.9,112.5,104.2,107.6,105.6,108.2,112.8,110.3,111.0,105.8,109.6,113.2,102.3,113.3,108.2,112.1,109.0,110.5,111.4,105.4,99.5,100.9,106.9,114.3,98.4,107.2,101.5,104.9,98.6,110.7,109.3,105.6,102.3,104.4,108.5,109.3,105.6,109.7,103.7,99.1,101.0,108.6
"전국","기타 화학제품 제조업",92.824,85.101,96.490,105.928,95.554,91.732,99.922,90.328,92.434,100.000,93.058,99.922,104.5,86.0,108.8,109.6,97.8,99.5,93.0,92.2,99.6,103.1,99.1,106.8,107.0,94.0,116.2,113.1,108.6,107.9,106.6,104.0,102.4,110.1,113.4,114.9,108.4,104.7,123.7,111.9,105.5,106.2,102.5,101.4,115.8,97.4,114.0,114.2,122.3,104.7,124.9,122.1,121.6,112.4,118.7,114.7,111.3,123.8,121.7,114.6,123.5,98.5,119.9,128.1,123.9,107.2,115.7,105.5,106.9,119.5,116.9,120.6,114.2,109.1,122.9,115.5,96.6,101.8,105.1
"전국","화학섬유 제조업",106.486,96.108,106.486,104.865,106.378,106.270,110.919,110.162,105.189,107.027,100.324,101.622,103.2,96.7,102.4,103.9,107.0,100.9,97.6,98.8,94.2,100.4,97.1,97.7,99.7,93.2,101.5,97.6,101.0,105.1,108.9,106.4,101.1,104.1,104.0,109.3,109.6,102.2,109.9,96.8,109.3,101.8,104.4,107.4,106.8,105.7,106.8,111.5,112.3,102.5,114.6,111.0,108.4,103.8,104.9,103.2,105.9,110.1,105.1,103.9,104.9,94.1,98.9,89.2,96.0,92.0,97.7,95.9,91.6,93.2,89.8,96.1,96.9,93.5,98.1,77.1,57.0,48.3,64.6
"전국","의료용 물질 및 의약품 제조업",91.659,90.066,97.657,103.655,95.033,99.813,106.092,88.847,100.937,100.562,96.813,105.717,91.8,86.8,102.3,104.6,93.1,104.1,107.7,90.0,100.9,103.4,103.9,111.4,98.0,93.4,106.2,107.6,113.7,117.7,113.6,106.6,110.1,112.9,118.2,120.9,108.5,109.0,113.2,115.7,106.6,119.0,124.3,114.0,132.9,114.5,127.7,137.3,133.1,107.2,125.7,129.2,131.2,128.3,133.1,124.5,121.1,137.4,134.7,132.3,123.6,109.5,128.7,137.5,134.2,128.8,129.4,113.7,130.2,140.4,140.4,142.5,130.5,134.0,146.8,140.3,144.0,151.6,160.3
"전국","의약품 제조업",91.659,90.066,97.657,103.655,95.033,99.813,106.092,88.847,100.937,100.562,96.813,105.717,91.8,86.8,102.3,104.6,93.1,104.1,107.7,90.0,100.9,103.4,103.9,111.4,98.0,93.4,106.2,107.6,113.7,117.7,113.6,106.6,110.1,112.9,118.2,120.9,108.5,109.0,113.2,115.7,106.6,119.0,124.3,114.0,132.9,114.5,127.7,137.3,133.1,107.2,125.7,129.2,131.2,128.3,133.1,124.5,121.1,137.4,134.7,132.3,123.6,109.5,128.7,137.5,134.2,128.8,129.4,113.7,130.2,140.4,140.4,142.5,130.5,134.0,146.8,140.3,144.0,151.6,160.3
"전국","고무제품 및 플라스틱제품 제조업",96.564,93.852,107.143,108.590,102.712,100.633,103.165,91.049,93.580,104.611,100.181,99.458,100.6,89.2,106.3,102.7,97.6,103.4,103.2,92.4,97.8,106.5,100.3,99.9,97.6,89.1,106.1,101.1,101.2,103.2,103.0,95.2,95.5,105.4,106.0,103.5,93.8,96.0,107.5,102.3,101.1,103.5,102.1,97.4,106.8,91.5,103.8,93.4,97.4,82.1,98.9,96.9,98.6,96.6,94.5,92.6,88.9,103.0,99.3,92.7,97.4,79.3,96.6,98.0,97.9,93.7,97.3,84.5,85.6,96.1,92.2,88.3,83.6,82.6,93.8,79.3,74.9,82.5,89.6
"전국","고무제품 제조업",98.341,92.166,105.438,104.700,101.567,102.765,104.147,91.244,93.825,106.820,102.581,104.424,104.2,87.4,104.6,103.5,99.6,104.3,106.3,86.2,91.5,103.6,103.1,105.7,102.0,88.4,103.6,101.1,101.3,104.0,101.8,91.3,91.3,105.7,104.7,106.1,95.6,96.6,108.2,101.6,97.0,103.4,99.9,95.5,101.8,88.8,98.9,97.4,98.7,81.0,98.5,99.3,102.0,99.8,98.3,94.2,89.7,105.5,106.7,101.0,104.4,82.2,101.6,101.9,103.6,98.4,102.4,82.0,86.6,96.1,95.9,91.1,87.5,88.0,91.8,68.5,59.9,77.7,89.6
"전국","플라스틱제품 제조업",96.047,94.519,107.817,109.973,103.145,99.910,102.785,91.015,93.441,103.953,99.371,97.754,99.5,89.8,106.8,102.5,97.0,103.2,102.2,94.2,99.7,107.4,99.4,98.2,96.3,89.3,106.9,101.1,101.1,103.0,103.4,96.4,96.7,105.3,106.4,102.8,93.3,95.8,107.3,102.5,102.2,103.6,102.7,97.9,108.2,92.3,105.0,92.3,97.0,82.4,99.0,96.2,97.6,95.6,93.5,92.2,88.7,102.3,97.1,90.4,95.6,78.5,95.2,96.9,96.3,92.5,96.0,85.1,85.3,96.0,91.1,87.5,82.5,81.2,94.2,82.0,78.7,83.6,89.5
"전국","비금속 광물제품 제조업",83.253,73.572,93.708,101.258,102.517,99.613,98.161,89.739,90.126,100.581,100.000,92.643,81.2,73.3,97.8,103.3,108.6,110.0,104.1,99.3,101.0,110.1,104.1,107.2,83.4,77.5,107.6,112.2,118.9,122.5,105.6,111.5,107.9,118.9,124.6,117.7,92.1,92.5,121.0,118.5,125.1,117.1,106.6,107.1,119.7,103.0,119.9,112.8,88.9,81.1,110.4,111.5,116.2,120.0,109.5,99.8,104.0,119.5,118.1,108.3,95.5,76.7,103.9,111.3,114.5,110.6,108.5,103.2,94.2,110.8,111.5,107.4,79.6,81.2,103.0,103.5,94.2,101.9,89.7
"전국","유리 및 유리제품 제조업",107.101,89.406,104.424,101.164,103.958,100.582,105.122,99.534,99.767,106.868,105.937,105.704,98.1,91.2,100.4,100.9,103.9,101.9,107.2,102.6,94.1,101.4,101.2,97.0,101.4,98.7,108.5,109.7,122.5,121.1,111.2,117.9,118.5,119.5,119.4,112.4,114.6,107.6,121.3,116.8,118.7,114.9,114.8,115.6,114.0,114.2,117.6,115.6,112.3,105.9,122.7,115.8,118.7,126.1,121.2,120.7,124.0,129.6,127.5,133.2,131.8,106.9,121.7,126.8,132.8,128.8,139.3,131.1,127.9,130.8,123.6,126.9,117.3,113.1,131.7,120.7,106.7,120.6,112.5
"전국","도자기 및 기타 요업제품 제조업",93.913,87.053,104.734,110.435,110.048,105.507,109.855,96.812,97.488,107.440,102.126,101.449,83.4,72.2,97.9,103.2,102.2,107.2,107.7,101.4,101.3,111.0,106.4,106.0,84.8,72.1,101.8,99.0,101.9,101.7,96.1,96.9,91.5,104.8,106.1,106.4,82.2,83.0,103.2,101.0,106.0,106.5,101.2,103.1,105.4,87.9,100.2,98.9,98.2,68.3,94.1,97.3,102.1,102.5,99.9,95.4,90.7,105.5,95.0,94.1,83.0,63.3,89.0,95.1,92.5,87.0,91.6,87.7,81.4,95.5,92.5,87.8,66.4,66.9,78.5,76.3,73.9,81.8,77.7
"전국","시멘트, 석회, 플라스터 및 그 제품 제조업",63.752,58.585,83.943,98.251,97.059,92.766,88.871,78.935,80.604,92.448,91.653,77.663,76.1,67.8,98.9,104.7,109.6,110.0,102.9,98.2,104.7,114.7,104.3,108.0,78.5,70.6,112.7,116.3,118.6,121.5,104.9,110.1,102.9,116.6,125.5,116.6,86.2,92.2,127.9,121.6,128.5,110.6,102.3,102.2,120.4,99.9,118.9,105.8,78.9,74.3,107.9,111.1,114.3,115.6,102.7,89.9,92.3,111.3,110.5,91.4,82.7,66.3,99.1,106.2,106.7,102.5,95.5,91.1,77.0,100.0,102.9,95.4,66.6,71.6,92.8,97.3,86.9,91.8,80.6
"전국","기타 비금속 광물제품 제조업",70.903,68.908,85.819,106.723,115.126,124.685,102.311,96.113,89.811,108.403,116.807,105.357,53.4,47.2,87.0,104.1,121.8,134.0,98.1,92.7,105.1,115.1,109.2,132.4,52.7,51.1,90.2,112.3,123.2,145.0,100.0,110.6,110.4,136.5,148.7,144.6,61.1,58.2,103.2,123.5,143.2,158.6,105.4,106.5,143.4,96.7,146.3,145.2,61.1,56.7,101.6,111.8,127.5,135.8,113.9,90.3,112.1,138.4,143.5,126.8,71.4,58.5,90.8,105.5,117.8,116.6,100.4,97.3,94.5,117.4,129.8,124.4,59.7,59.7,96.4,106.0,106.1,111.9,81.8
"전국","1차 금속 제조업",103.053,93.247,105.550,103.515,103.793,103.053,105.550,98.890,98.335,104.995,98.335,102.128,101.4,89.0,102.8,100.3,101.5,101.4,102.2,96.5,96.8,103.9,101.9,102.4,100.6,91.2,104.2,103.6,105.6,101.7,103.1,100.6,98.9,103.8,103.0,106.6,102.5,98.6,106.3,103.5,105.3,103.2,104.3,101.9,103.1,101.6,102.1,102.1,105.0,91.0,101.3,100.9,104.6,100.8,101.5,98.5,93.6,103.1,101.5,98.8,104.0,88.7,101.8,100.1,101.6,97.5,101.2,93.5,91.9,98.6,96.6,97.0,94.5,94.6,99.1,92.1,84.9,81.8,87.2
"전국","1차 철강 제조업",104.689,93.057,106.132,102.976,104.599,104.328,105.861,99.188,98.647,104.869,98.467,101.713,101.4,88.7,101.3,98.2,101.9,102.5,102.5,99.3,95.7,103.9,102.0,102.4,100.3,90.0,101.6,102.0,105.2,100.8,103.2,102.1,99.2,103.9,102.4,106.9,103.1,98.3,105.1,103.0,106.2,103.9,104.9,103.8,103.0,103.0,102.0,104.0,106.1,92.1,101.8,101.1,104.9,101.4,103.0,99.8,94.3,102.4,101.0,98.5,103.9,89.3,101.4,100.2,101.8,98.6,102.4,95.7,93.2,98.3,97.2,98.1,94.9,95.2,99.3,92.5,85.1,80.9,87.4
"전국","1차 비철금속 제조업",95.652,91.401,101.353,102.802,99.324,97.585,102.705,100.290,97.874,104.928,96.715,102.222,100.7,89.8,106.1,105.4,100.5,96.2,100.7,91.4,99.7,104.4,102.1,102.9,103.3,96.3,113.7,111.5,110.2,107.5,105.6,101.5,101.1,105.7,105.5,107.3,105.5,101.5,111.1,107.0,106.1,103.1,106.3,101.2,104.8,102.0,103.7,99.4,105.1,91.1,100.4,102.1,105.3,100.3,100.4,98.1,95.1,105.8,104.0,102.5,106.7,89.3,104.4,100.4,102.1,96.4,99.4,91.0,90.8,102.3,98.2,98.5,97.5,97.6,103.1,97.2,91.8,91.5,92.7
"전국","금속 주조업",104.551,102.730,112.059,113.197,106.143,102.275,109.556,86.917,93.743,107.736,101.479,107.736,103.6,89.3,108.0,106.0,99.6,104.8,103.0,83.0,99.9,102.4,100.0,100.5,96.7,88.7,103.8,97.8,97.1,95.4,95.9,84.6,91.2,98.1,101.8,102.2,90.5,94.5,104.5,99.7,96.1,97.9,94.5,86.9,100.7,88.0,98.8,92.6,94.9,81.0,100.5,97.0,101.2,97.2,91.4,88.0,84.4,104.4,100.1,92.8,98.5,81.7,100.6,99.9,100.1,91.3,95.7,78.1,82.4,92.7,86.9,82.4,81.9,80.5,85.8,73.4,62.0,63.1,70.2
"전국","금속가공제품 제조업;기계 및 가구 제외",102.236,96.303,108.684,104.299,104.127,107.653,111.264,96.733,98.452,105.159,109.716,110.146,92.7,84.6,103.6,102.9,98.0,105.8,103.0,94.5,96.4,103.2,105.5,109.7,97.3,89.8,106.4,98.5,105.4,106.6,101.7,94.8,100.3,102.1,108.9,113.5,92.4,93.7,102.5,98.4,98.5,103.0,96.6,93.8,101.9,87.1,99.7,91.5,92.0,74.9,91.7,90.3,91.1,88.1,89.6,85.0,82.0,96.4,97.9,87.7,90.7,73.5,90.6,92.2,91.5,87.4,92.1,83.1,84.5,94.4,92.3,89.4,81.1,82.5,91.5,83.6,74.9,79.2,81.5
"전국","구조용 금속제품, 탱크 및 증기발생기 제조업",105.383,92.431,111.859,98.570,108.158,116.232,117.410,102.439,100.336,103.701,122.119,121.447,82.1,77.4,94.6,95.9,98.6,110.1,100.1,100.4,96.3,106.5,114.9,123.0,89.6,84.9,102.5,90.5,106.9,110.2,99.1,94.8,105.3,97.6,114.1,131.5,84.0,80.2,92.9,91.2,95.0,105.3,93.7,91.2,97.9,87.0,94.3,86.3,81.8,66.4,78.4,80.9,82.3,77.1,82.9,75.0,73.6,87.5,91.4,83.6,76.9,63.9,79.2,81.2,83.0,83.7,84.3,75.2,79.5,90.2,90.2,88.9,70.9,71.2,83.0,84.4,75.8,80.6,74.9
"전국","기타 금속가공제품 제조업",100.261,98.606,106.707,107.753,101.742,102.352,107.404,93.293,97.300,106.010,102.091,103.223,98.4,88.5,108.3,106.6,97.7,103.6,104.6,91.3,96.4,101.4,100.5,102.7,101.4,92.4,108.4,102.7,104.6,104.6,103.1,94.8,97.6,104.6,106.1,103.9,96.4,100.2,107.1,101.9,100.1,101.8,98.0,95.0,103.8,87.2,102.3,94.0,97.5,79.5,98.9,95.2,95.8,94.0,93.0,90.3,86.4,101.0,101.2,89.7,97.9,78.6,96.6,98.0,96.0,89.4,96.2,87.3,87.2,96.7,93.6,89.7,86.3,88.3,95.9,83.5,74.6,78.7,85.0
"전국","전자부품, 컴퓨터, 영상, 음향 및 통신장비 제조업",94.430,90.009,102.476,99.469,96.640,99.293,100.177,99.646,99.027,101.415,100.088,101.238,95.9,87.2,95.0,95.7,97.2,95.3,93.7,101.7,114.0,116.3,109.3,98.6,95.0,88.4,98.2,98.0,104.8,110.4,106.6,109.7,111.4,114.6,115.1,108.6,107.9,98.3,112.6,103.5,109.4,103.5,109.6,115.9,122.0,125.4,121.2,121.5,113.7,105.0,122.5,121.8,120.6,131.2,136.5,132.8,134.4,140.5,127.7,124.0,110.6,102.9,117.9,119.3,127.3,134.6,136.6,139.8,143.5,148.5,151.4,151.0,134.1,132.4,152.3,125.9,139.2,150.9,144.5
"전국","반도체 제조업",76.769,71.753,79.303,76.188,79.725,88.648,89.335,86.325,84.055,86.589,88.490,89.916,79.2,78.4,88.1,89.2,91.4,90.7,92.6,100.1,128.3,120.9,122.4,118.6,99.0,100.2,101.6,109.7,124.0,140.9,131.3,134.1,134.3,142.0,142.3,144.4,141.1,122.7,135.7,122.1,138.5,131.2,133.5,141.1,147.1,154.5,145.3,153.5,138.7,136.0,158.8,162.5,158.5,181.8,187.6,174.5,184.9,191.8,173.6,171.5,148.4,141.3,159.4,164.4,177.7,195.1,195.2,197.4,203.1,213.5,229.3,232.1,207.1,207.4,231.6,192.8,225.8,241.8,228.8
"전국","전자부품 제조업",103.368,96.842,115.789,114.737,107.158,106.105,104.421,109.053,106.632,107.895,104.947,111.789,103.7,90.7,101.7,101.0,98.6,102.1,98.6,102.4,104.2,106.0,98.2,92.8,92.1,78.6,90.0,88.9,95.3,94.4,100.4,102.1,106.0,110.0,106.4,96.5,90.8,87.9,103.8,98.0,103.6,100.7,111.1,119.6,122.9,121.9,117.8,112.8,113.2,96.7,111.0,107.3,106.3,106.1,113.8,119.7,110.6,115.8,108.3,104.5,98.6,84.4,97.7,96.1,102.4,99.1,106.6,101.6,108.2,103.7,94.8,94.7,86.7,79.2,99.6,81.4,78.4,87.6,87.4
"전국","컴퓨터 및 주변장치 제조업",101.617,106.841,127.239,125.995,110.821,121.766,137.313,122.015,131.343,130.100,122.637,141.915,141.8,114.2,117.9,105.5,97.0,102.3,81.4,79.4,81.9,91.9,83.1,103.8,92.5,91.9,110.9,99.0,98.3,112.1,105.9,95.6,93.5,102.4,90.6,107.6,90.2,117.3,120.5,91.8,77.6,101.1,93.1,73.2,80.9,68.4,82.4,81.6,79.9,73.2,90.8,83.1,79.5,89.8,87.4,87.6,73.5,84.5,82.5,82.9,89.2,73.3,90.6,78.1,71.5,75.7,79.1,65.5,74.5,70.8,68.3,74.0,70.1,69.9,78.1,73.8,59.4,74.2,69.3
"전국","통신 및 방송 장비 제조업",123.064,127.677,135.750,123.558,120.593,109.390,114.662,114.662,117.463,123.888,120.428,99.506,113.5,94.1,87.9,95.7,110.4,90.3,84.4,110.7,104.9,137.8,108.8,61.5,90.6,78.6,103.8,88.8,79.1,72.5,60.9,71.4,72.3,63.3,78.4,53.6,68.6,61.0,79.8,77.0,59.1,47.4,57.2,61.1,71.7,80.0,84.5,77.0,65.6,50.6,64.6,57.5,67.1,63.2,65.2,70.7,69.1,76.0,62.1,52.8,43.2,47.7,61.6,60.4,57.6,55.4,51.4,85.7,74.4,84.7,67.0,51.5,43.1,50.3,60.1,46.0,42.4,47.5,45.5
"전국","영상 및 음향기기 제조업",131.042,121.458,133.125,136.354,113.958,113.021,118.542,104.479,125.729,127.396,115.104,105.104,107.1,106.7,121.0,107.9,94.8,96.4,104.2,90.9,105.8,94.1,89.8,81.4,97.6,89.6,108.2,94.1,91.8,81.3,81.0,78.4,82.5,73.0,65.1,56.4,62.6,68.1,73.5,69.1,67.6,62.0,67.4,63.2,76.4,59.0,64.9,52.7,66.3,59.0,60.8,51.6,53.8,44.7,45.3,43.9,46.9,49.6,44.8,33.9,49.5,41.8,50.2,45.1,43.2,38.3,42.0,39.9,40.9,43.3,39.2,34.6,42.1,39.2,49.2,38.8,30.6,36.8,37.4
"전국","의료, 정밀, 광학기기 및 시계 제조업",95.083,91.280,112.523,104.267,100.278,108.256,118.738,100.742,104.082,102.319,101.484,111.781,97.1,94.8,104.2,104.4,96.8,99.9,105.3,95.1,97.9,102.3,99.9,102.3,88.2,82.9,107.4,97.6,96.9,102.4,106.6,103.3,101.3,102.7,108.3,116.1,102.9,106.9,120.3,125.7,124.6,134.4,119.0,122.6,127.6,106.2,126.9,116.8,120.3,113.4,139.8,139.5,137.1,144.0,145.9,146.4,140.3,146.5,131.3,128.8,120.7,99.6,123.0,129.8,128.8,116.6,129.3,113.8,113.8,125.1,123.7,126.7,109.2,119.3,134.1,120.6,113.8,129.8,130.6
"전국","의료용 기기 제조업",84.851,96.358,101.821,98.762,91.770,92.935,98.034,77.495,90.532,104.807,94.610,102.840,92.2,92.8,103.2,99.1,94.0,104.8,98.7,91.6,99.8,105.5,104.1,114.1,92.3,84.5,109.0,101.4,107.2,107.7,105.8,108.3,111.2,114.7,113.9,119.1,100.3,102.9,108.1,108.8,108.3,117.5,106.9,101.5,117.7,97.8,111.6,107.9,107.2,95.5,121.3,124.1,120.3,125.6,126.4,130.1,121.0,136.1,132.1,133.6,127.9,107.5,130.6,136.6,126.6,121.8,129.4,119.5,123.2,132.5,140.4,147.5,125.4,127.8,138.7,110.4,107.3,116.7,113.8
"전국","측정, 시험, 항해, 제어 및 기타 정밀기기 제조업; 광학기기 제외",94.229,85.100,113.012,108.185,115.845,128.332,138.930,112.487,116.159,99.161,97.692,116.055,100.9,95.9,102.4,104.7,95.8,101.4,112.4,93.7,92.3,99.2,102.4,99.0,86.2,76.1,102.5,87.2,89.8,102.0,105.9,98.9,96.0,96.1,106.7,116.4,102.4,108.2,126.1,133.4,131.9,148.7,128.7,131.6,130.3,111.4,143.4,123.4,131.4,129.1,158.2,157.7,155.3,166.8,168.0,164.6,161.4,159.4,138.9,134.5,118.3,90.5,111.8,117.5,127.5,106.1,127.8,108.9,108.0,125.3,118.3,119.4,100.4,113.5,135.9,132.3,122.4,141.6,143.0
"전국","안경, 사진장비 및 기타 광학기기 제조업",110.806,96.682,126.825,103.697,80.284,90.711,108.057,109.953,99.052,105.213,118.294,115.071,94.4,94.7,110.4,111.2,103.7,88.7,96.5,103.9,109.9,105.8,87.4,93.7,87.2,98.5,117.7,119.0,100.0,95.7,109.7,107.5,100.2,102.4,104.2,111.0,111.9,112.1,128.4,137.8,136.8,121.4,112.0,140.8,141.4,107.0,101.5,113.8,112.9,104.4,121.2,113.5,115.2,110.8,118.4,122.2,115.4,123.9,97.0,89.8,99.0,95.6,122.5,133.5,124.2,120.4,120.4,102.4,96.5,96.2,88.4,86.7,89.2,104.0,99.7,86.4,83.5,100.1,106.7
"전국","전기장비 제조업",92.678,95.397,104.498,104.707,103.138,107.636,104.184,93.619,103.975,107.950,108.682,114.121,92.0,87.0,104.8,100.1,92.5,103.0,101.7,92.1,103.9,106.1,105.0,111.9,99.3,92.5,108.6,96.6,99.9,104.1,100.1,98.5,104.9,109.7,113.8,114.4,94.9,98.5,111.0,103.7,106.2,109.7,103.8,104.0,116.8,101.6,118.1,111.3,102.5,93.4,108.3,104.5,105.8,106.6,104.9,107.2,101.7,114.0,117.1,111.5,104.2,88.8,107.1,108.5,109.5,106.2,110.1,102.4,106.0,116.6,112.7,120.6,97.0,95.4,110.7,101.0,93.2,106.7,106.8
"전국","전동기, 발전기 및 전기 변환 · 공급 · 제어 장치 제조업",80.811,90.801,97.527,99.505,99.110,107.418,96.934,88.823,99.407,99.407,106.231,115.628,88.5,90.7,107.6,101.6,94.5,106.8,100.7,89.2,104.8,101.9,101.4,112.2,95.0,94.1,110.3,96.2,101.5,108.4,97.4,96.9,101.1,103.3,109.9,119.3,89.5,96.8,110.7,104.5,107.9,111.4,104.0,103.3,113.7,97.6,117.7,118.7,98.4,89.6,105.9,101.8,102.0,103.1,98.3,98.6,97.0,105.0,109.5,109.3,89.5,78.3,98.4,101.0,107.9,103.3,105.8,100.0,103.3,105.5,106.1,114.9,87.9,87.4,104.9,95.3,83.9,97.8,93.2
"전국","일차전지 및 축전지 제조업",104.283,103.426,117.238,115.418,115.632,113.383,116.809,108.351,110.921,119.486,113.919,117.666,98.6,81.7,99.7,99.0,93.3,96.2,102.3,100.9,106.9,112.6,104.7,104.1,104.5,91.0,103.5,99.6,106.6,105.0,110.9,109.2,108.6,112.0,112.7,106.9,102.9,103.5,115.9,106.4,109.2,113.8,114.3,106.9,116.0,106.9,118.1,115.1,112.7,99.4,114.8,109.0,113.3,112.8,117.1,118.0,106.6,125.9,122.4,121.6,130.6,106.7,122.9,121.8,119.8,115.6,118.6,115.9,112.8,121.2,124.9,133.2,114.7,113.2,120.1,115.1,109.5,121.4,121.0
"전국","절연선 및 케이블 제조업",99.898,97.140,109.908,109.704,105.822,109.806,109.499,95.914,111.747,106.639,103.371,106.742,89.6,86.5,113.6,101.6,93.1,115.8,102.0,87.6,93.2,100.4,104.4,112.3,100.9,90.2,114.9,95.9,98.7,105.1,99.3,90.9,97.5,103.0,107.7,109.4,94.2,96.6,114.1,108.3,104.7,111.6,100.3,94.0,105.5,88.1,100.8,99.3,95.5,83.1,105.0,99.3,99.0,99.3,94.1,93.4,91.4,101.3,104.6,99.8,95.4,80.6,95.3,100.1,98.3,98.3,105.5,89.1,96.8,108.2,109.8,105.5,90.8,97.8,104.3,97.9,92.1,94.5,95.8
"전국","전구 및 조명장치 제조업",119.517,111.431,119.052,111.059,99.349,101.208,110.409,88.848,90.985,106.877,103.253,121.004,93.6,85.9,98.4,102.2,94.8,105.4,105.8,89.5,98.7,100.9,105.7,119.3,99.3,96.1,112.0,109.3,102.2,113.7,108.4,95.0,105.4,114.6,121.3,131.9,105.7,106.0,113.5,108.7,109.0,118.3,105.7,102.8,121.4,108.7,137.8,122.4,108.6,99.7,111.9,112.0,110.9,117.0,115.9,111.3,110.9,126.8,133.1,128.6,106.5,88.4,108.0,111.8,118.4,114.4,113.8,92.7,98.8,116.9,116.1,125.8,92.5,89.8,110.5,100.5,90.5,109.8,106.8
"전국","가정용 기기 제조업",99.561,96.340,105.857,110.981,110.835,103.807,109.663,102.782,119.912,137.042,121.376,100.293,96.7,82.2,99.3,94.1,83.4,89.6,100.7,95.1,106.2,121.7,119.4,111.7,100.9,87.9,100.9,87.1,85.5,83.5,91.0,93.3,113.4,124.3,126.6,94.3,94.0,94.3,102.9,94.5,93.3,93.7,93.0,104.1,124.6,108.7,115.1,86.2,101.1,93.7,102.2,98.6,102.0,98.6,103.6,103.0,101.7,121.9,121.2,94.2,107.9,92.2,103.6,96.9,93.0,94.0,98.4,86.7,108.5,120.5,108.6,92.0,97.5,85.0,102.5,87.9,93.7,102.2,117.1
"전국","기타 전기장비 제조업",114.666,86.903,104.911,88.950,93.724,113.506,118.554,89.973,95.498,99.250,117.667,140.723,89.4,82.8,112.8,103.7,96.1,98.0,106.4,103.0,115.6,84.5,80.2,127.4,144.2,93.1,125.0,100.1,122.6,102.0,116.4,147.7,129.3,135.3,103.9,154.5,122.4,108.2,125.5,87.9,151.2,123.5,134.8,160.8,157.6,126.5,122.1,125.1,141.3,157.0,169.9,176.4,185.2,198.8,187.3,328.4,182.8,163.4,199.6,220.3,232.2,209.8,277.6,314.8,221.6,204.9,253.2,301.7,181.3,382.3,203.8,472.3,205.4,257.4,287.4,255.2,179.9,297.4,295.7
"전국","기타 기계 및 장비 제조업",91.692,95.095,105.806,108.008,109.810,109.009,105.205,90.190,98.198,102.503,102.803,120.220,95.0,89.2,110.6,106.2,100.6,113.3,101.2,91.2,94.1,94.0,96.8,107.9,89.1,85.2,105.4,98.5,103.6,108.3,101.6,92.4,95.0,104.0,110.7,126.7,99.3,105.9,124.5,120.2,123.5,132.8,118.1,107.4,117.9,97.4,114.8,124.3,114.6,102.4,124.7,119.2,121.6,119.9,111.0,100.9,98.7,106.0,107.6,115.9,98.2,87.8,110.4,110.5,111.2,109.0,104.4,94.2,99.0,103.2,104.2,131.0,96.1,100.3,120.8,116.8,107.1,116.9,114.1
"전국","일반 목적용 기계 제조업",86.926,93.214,106.986,109.681,108.982,110.080,105.389,91.517,94.311,106.986,100.499,115.968,90.7,86.2,107.8,107.0,100.7,115.7,103.1,90.2,94.7,97.9,97.6,108.3,91.9,86.4,106.1,101.4,106.7,110.2,104.8,87.3,91.5,96.2,101.8,107.3,85.6,94.6,108.5,104.3,108.6,120.7,110.7,94.3,105.8,87.2,103.1,104.9,96.5,87.7,109.1,105.8,110.6,109.4,104.0,94.2,93.2,103.8,106.7,110.1,101.9,91.9,117.3,117.3,117.5,111.7,110.6,98.3,99.3,109.2,108.4,122.1,96.8,99.5,118.1,104.9,101.1,114.5,112.7
"전국","특수 목적용 기계 제조업",96.888,97.088,104.418,106.124,110.643,107.631,104.920,88.755,102.309,97.590,105.422,124.900,99.4,92.3,113.5,105.4,100.5,110.8,99.1,92.2,93.4,90.1,96.0,107.4,86.1,84.0,104.7,95.5,100.4,106.3,98.3,97.7,98.5,112.0,119.8,146.4,114.2,118.0,141.7,137.3,139.6,145.8,126.0,121.5,131.0,108.3,127.4,145.2,134.2,118.2,141.5,133.6,133.4,131.1,118.4,108.0,104.5,108.2,108.5,122.0,94.4,83.8,103.5,103.6,104.8,106.4,98.2,90.0,99.0,97.2,100.0,140.6,95.0,100.4,122.3,125.9,111.5,118.1,114.7
"전국","자동차 및 트레일러 제조업",98.841,97.020,109.851,110.017,97.268,98.510,107.947,75.662,78.642,97.103,102.483,111.589,100.0,85.4,107.4,109.4,96.7,109.1,105.5,79.4,90.2,105.3,103.2,108.5,96.6,86.5,112.4,100.6,99.9,104.8,99.5,69.9,77.6,96.9,110.4,116.4,87.2,95.4,111.3,102.9,97.4,102.5,99.9,78.8,99.0,80.5,103.6,82.2,89.1,77.1,98.4,98.1,97.9,94.6,88.3,87.5,85.0,105.0,107.0,99.2,96.6,77.3,97.7,101.7,101.1,93.2,100.9,77.0,83.0,98.9,94.9,94.3,77.2,65.0,101.7,81.7,64.9,79.7,91.5
"전국","자동차용 엔진 및 자동차 제조업",99.547,97.733,113.055,113.962,98.549,100.000,111.423,71.804,75.975,98.640,107.797,116.591,99.8,85.3,110.2,113.5,97.1,111.4,107.1,75.4,85.9,104.3,102.7,107.3,92.6,82.5,111.7,97.9,96.2,103.3,94.7,57.8,66.8,91.2,109.4,115.9,80.1,90.6,108.6,102.5,96.2,102.6,99.7,73.4,95.2,75.7,102.3,76.2,85.9,73.9,95.8,93.8,92.7,89.0,80.2,78.6,77.6,100.8,103.2,95.0,90.3,71.2,91.6,96.4,96.2,87.6,93.7,66.5,73.9,92.5,88.8,87.1,66.6,50.5,96.3,79.7,63.3,78.4,86.4
"전국","자동차 차체 및 트레일러 제조업",104.222,98.514,111.806,101.329,92.494,105.082,130.336,73.495,86.239,102.580,109.773,129.711,87.7,74.9,96.3,93.4,91.5,116.9,104.9,107.4,110.9,109.2,101.3,105.5,87.3,85.3,98.3,99.5,105.5,112.5,110.3,78.1,71.9,82.1,97.5,118.7,86.7,85.7,105.4,102.4,101.9,109.8,95.7,74.8,99.3,78.7,97.9,93.9,83.3,72.8,87.3,101.1,102.3,106.3,93.1,89.9,82.9,89.7,104.5,107.3,86.1,70.2,91.7,102.9,98.3,90.7,92.9,78.8,75.0,84.4,89.5,88.2,75.9,71.0,89.4,72.7,77.3,86.4,90.0
"전국","자동차 부품 제조업",98.110,96.372,106.954,106.652,96.296,97.052,104.082,79.441,81.028,95.616,97.430,106.425,100.4,85.7,104.7,105.5,96.3,106.6,103.9,83.0,94.2,106.3,103.6,109.8,101.0,90.6,113.5,103.4,103.7,106.2,104.3,82.2,89.0,103.2,111.7,116.9,94.7,100.7,114.2,103.3,98.4,102.0,100.1,84.5,102.9,85.6,105.0,88.1,92.5,80.4,101.4,102.2,102.9,99.8,96.0,96.0,92.2,109.7,111.0,103.2,103.1,83.3,103.9,106.9,106.1,98.9,108.2,86.7,91.8,105.5,101.0,101.5,87.3,78.4,107.4,84.2,66.2,80.9,96.5
"전국","기타 운송장비 제조업",110.584,112.287,110.341,122.749,112.409,111.800,115.693,89.416,103.893,108.273,107.543,114.234,112.7,96.6,113.8,108.9,101.4,99.7,103.4,88.3,84.5,96.5,93.3,100.9,98.4,87.1,96.1,89.5,96.4,92.3,91.5,78.7,79.9,80.3,87.3,87.7,69.2,65.5,77.5,74.5,73.8,77.1,66.2,52.2,67.0,57.8,67.0,67.7,64.6,51.5,59.5,60.9,60.7,63.6,61.5,55.5,56.8,64.3,66.7,73.1,74.0,56.0,69.2,74.3,73.9,72.4,76.3,65.6,70.0,75.8,74.0,79.4,69.1,72.3,72.6,68.2,67.9,68.5,73.0
"전국","선박 및 보트 건조업",118.158,115.487,116.422,129.907,118.825,118.692,121.095,91.322,107.210,112.951,108.678,113.485,114.1,97.6,111.6,111.8,104.7,99.9,101.9,89.8,82.7,96.3,93.6,96.0,100.1,87.0,94.7,87.0,95.1,88.7,89.9,76.7,78.7,78.2,85.4,82.4,65.6,61.6,72.8,68.9,71.2,72.5,61.6,43.8,58.7,47.7,57.8,56.8,60.6,46.2,52.6,53.7,51.6,52.4,52.7,47.1,47.6,55.8,57.1,63.0,66.3,47.4,59.8,64.9,64.1,63.1,65.7,54.9,60.4,65.4,66.3,71.2,62.9,65.6,66.2,63.6,65.6,69.2,72.1
"전국","철도장비 제조업",83.187,90.000,92.747,87.582,94.725,87.582,89.670,79.560,101.538,97.692,120.549,126.044,75.5,69.3,81.4,87.6,94.5,114.4,118.4,85.0,101.5,120.1,112.4,139.8,65.6,78.6,84.9,81.9,81.5,106.0,101.3,71.4,79.6,59.7,68.2,62.8,48.0,45.2,62.3,68.0,61.8,66.5,49.9,64.3,59.5,60.2,75.4,73.7,37.5,50.1,64.1,97.6,106.4,122.3,95.6,84.2,81.0,93.0,112.2,111.5,79.6,75.3,86.1,103.8,96.9,110.6,124.4,113.8,79.9,93.2,78.0,96.5,54.5,75.4,71.5,77.0,74.5,76.3,88.8
"전국","항공기,우주선 및 부품 제조업",72.789,103.076,79.539,89.449,77.317,74.199,87.014,79.667,83.041,81.504,94.959,113.199,113.1,96.6,132.5,97.6,84.6,95.5,108.0,81.3,91.0,92.6,87.4,119.9,96.0,89.0,105.7,104.9,106.6,109.0,98.3,91.3,86.6,95.9,101.3,122.1,93.3,90.5,105.0,104.3,90.0,103.0,93.6,91.3,110.6,107.9,111.2,120.8,89.7,79.4,94.6,82.3,93.8,106.3,98.1,93.1,103.4,99.6,101.5,113.3,107.2,97.7,113.0,113.3,117.2,108.1,117.8,111.2,117.9,125.7,108.4,110.9,99.7,99.3,99.2,78.9,62.4,38.7,51.4
"전국","가구 제조업",91.182,103.909,102.545,97.455,93.909,86.091,94.455,83.364,85.273,94.455,97.909,106.091,93.9,94.0,103.1,98.7,91.7,97.3,94.1,98.8,96.1,108.4,110.4,113.4,101.3,100.4,115.5,102.0,98.5,104.4,100.5,101.3,104.3,111.2,115.6,119.4,100.4,111.4,121.1,104.4,104.3,107.9,98.9,110.2,118.8,97.2,121.2,117.9,100.3,95.9,113.7,106.2,100.5,100.2,97.1,95.5,87.2,106.4,107.6,112.3,98.8,87.4,101.6,95.0,100.6,94.8,99.3,96.8,91.1,108.1,109.8,114.9,99.0,111.9,114.4,101.9,101.4,106.9,97.4
"전국","가구 제조업",91.182,103.909,102.545,97.455,93.909,86.091,94.455,83.364,85.273,94.455,97.909,106.091,93.9,94.0,103.1,98.7,91.7,97.3,94.1,98.8,96.1,108.4,110.4,113.4,101.3,100.4,115.5,102.0,98.5,104.4,100.5,101.3,104.3,111.2,115.6,119.4,100.4,111.4,121.1,104.4,104.3,107.9,98.9,110.2,118.8,97.2,121.2,117.9,100.3,95.9,113.7,106.2,100.5,100.2,97.1,95.5,87.2,106.4,107.6,112.3,98.8,87.4,101.6,95.0,100.6,94.8,99.3,96.8,91.1,108.1,109.8,114.9,99.0,111.9,114.4,101.9,101.4,106.9,97.4
"전국","기타 제품 제조업",105.748,100.595,112.389,113.578,102.973,101.288,102.478,89.891,95.441,104.757,103.469,113.578,83.8,84.0,104.2,107.6,97.1,109.6,98.4,84.7,97.1,109.9,107.4,116.2,90.3,90.7,115.2,114.2,111.3,108.1,96.6,91.0,95.9,111.7,114.4,112.9,94.8,92.7,116.0,111.4,113.5,117.9,107.9,100.1,112.1,94.2,113.2,124.4,96.5,79.5,104.0,111.1,115.5,111.3,100.9,95.2,87.6,104.3,106.8,122.1,97.8,79.1,104.9,119.6,110.9,109.5,108.7,102.3,98.4,111.6,107.1,127.4,81.1,95.2,105.5,107.9,93.4,112.7,109.1
"전국","귀금속 및 장신용품 제조업",90.386,87.691,100.629,90.566,94.969,91.914,91.644,89.847,91.554,101.078,88.679,105.031,96.1,86.7,102.9,93.2,91.9,108.7,103.0,97.0,103.3,113.3,91.3,112.5,102.5,91.7,107.8,112.7,107.4,109.5,97.1,97.7,104.7,124.6,99.9,127.1,92.2,82.6,95.1,89.1,96.3,102.5,107.5,105.6,102.8,115.4,103.7,135.9,100.0,83.1,122.0,105.2,107.7,107.8,117.7,113.3,100.9,111.4,91.6,171.8,94.3,82.3,115.5,125.5,111.8,136.9,134.9,124.8,92.0,158.0,110.4,125.1,97.1,93.5,77.7,88.2,104.2,114.5,145.0
"전국","운동 및 경기용구 제조업",92.121,96.848,93.697,103.636,90.788,94.909,107.030,68.970,82.303,98.788,91.394,104.970,78.5,82.0,94.0,95.2,90.8,101.2,101.8,95.7,95.1,127.2,121.0,117.7,77.0,78.9,90.1,87.4,96.2,89.1,83.9,100.1,89.0,110.8,113.6,117.2,83.9,99.8,108.9,91.5,120.2,128.1,110.9,107.0,117.9,83.3,109.2,122.7,106.8,80.7,82.1,131.4,113.9,137.4,100.6,98.7,89.3,112.0,116.2,164.9,87.4,81.8,103.8,131.2,106.1,132.4,131.7,132.2,108.2,112.3,102.1,182.3,74.0,100.2,125.6,133.9,119.0,154.9,122.6
"전국","인형,장난감 및 오락용품 제조업",288.331,137.666,196.307,238.996,123.781,110.340,117.873,117.873,130.133,155.835,194.535,142.541,92.3,82.6,106.4,134.3,87.8,81.0,93.6,77.7,105.6,114.8,107.5,116.4,118.6,93.1,113.4,185.7,116.3,96.1,95.6,100.3,110.4,110.4,119.3,96.6,113.8,80.7,114.9,155.6,104.8,92.5,103.6,105.9,116.1,108.9,137.3,123.7,111.4,102.2,118.4,141.2,101.3,78.1,92.9,97.1,82.4,114.5,117.6,115.9,101.9,79.4,110.2,130.4,90.1,68.5,89.7,83.6,71.7,82.6,112.8,98.6,90.4,60.4,47.7,97.7,72.1,68.8,81.1
"전국","그외 기타 제품 제조업",101.497,104.022,115.435,116.558,107.671,105.426,103.274,91.207,96.819,103.087,105.893,117.399,80.6,84.0,107.4,112.2,101.8,116.1,96.6,78.7,94.8,103.0,108.0,116.8,87.1,93.7,125.3,113.6,116.4,114.9,100.5,85.1,93.5,108.4,118.3,109.5,96.7,93.8,123.8,119.0,116.4,120.8,106.8,94.7,111.6,89.7,114.0,121.0,90.0,75.0,104.3,101.9,119.3,107.6,97.5,89.0,84.1,98.3,105.9,96.1,99.1,76.5,101.2,112.5,112.5,101.9,98.8,91.4,98.3,105.4,105.5,114.5,77.6,96.8,110.2,103.6,86.0,105.1,101.5
"전국","전기업 및 가스업",125.540,111.174,109.953,95.117,92.958,89.577,93.897,90.141,86.291,93.521,98.498,125.352,123.5,103.0,109.0,95.6,90.0,91.1,97.4,97.8,91.5,90.7,98.3,112.3,121.7,109.0,107.8,93.0,90.7,89.5,96.9,101.9,93.3,90.2,99.6,115.6,121.7,114.4,112.7,97.5,95.1,93.9,108.0,104.8,95.9,93.8,108.7,129.5,137.2,120.5,114.7,100.5,96.6,98.3,111.9,112.2,92.6,101.0,108.8,129.0,136.5,118.0,115.0,104.0,98.5,95.0,105.4,107.8,94.7,96.2,106.6,125.8,127.0,118.4,113.0,99.8,92.6,94.1,99.8
"전국","전기업",106.496,95.974,99.634,93.687,95.608,95.791,101.464,97.896,93.413,98.628,96.157,110.339,114.5,94.9,104.1,94.9,92.9,95.8,102.9,103.7,97.4,94.1,98.1,106.8,111.6,100.0,102.6,92.9,93.7,94.0,103.2,109.9,99.8,93.2,97.1,108.5,112.4,105.1,107.8,96.9,98.6,99.1,116.0,112.8,101.7,97.6,106.3,120.0,123.4,107.3,109.1,99.5,99.0,103.7,121.1,122.4,98.2,103.9,106.0,119.3,122.3,102.9,109.0,101.3,102.1,100.9,114.6,118.7,102.4,101.4,104.2,116.4,114.7,107.4,106.8,97.7,95.8,101.0,108.2
"전국","가스업",179.960,154.985,137.664,98.389,84.290,69.587,70.393,65.962,63.545,77.845,104.935,167.472,172.7,149.4,136.6,99.9,74.5,65.0,69.2,64.1,58.7,70.6,98.0,141.3,176.2,159.5,138.3,96.0,74.3,65.0,63.0,58.8,57.5,71.6,110.9,153.8,174.5,169.1,142.7,103.9,76.2,66.0,64.5,61.3,64.0,72.1,122.1,185.2,206.2,188.1,145.6,108.5,87.3,74.8,72.5,68.3,67.7,88.7,124.1,175.6,199.7,188.1,143.4,119.7,88.2,72.9,69.9,65.1,63.9,74.5,114.4,164.1,177.6,164.2,138.6,108.9,79.0,65.0,63.2
"전국","증기,온수 공급업",149.613,129.400,130.077,99.807,93.424,89.749,90.522,88.298,86.460,90.716,101.838,147.679,149.0,122.7,120.1,96.5,80.4,78.4,77.4,84.4,74.8,84.2,101.7,130.3,153.1,131.9,118.7,87.9,83.1,74.8,76.7,75.7,74.7,85.5,111.5,137.1,146.7,133.3,120.1,90.9,82.0,76.3,81.4,78.5,76.2,83.4,114.6,151.7,160.8,138.8,117.0,94.4,84.8,79.8,80.8,78.9,76.2,90.6,109.9,149.5,156.6,131.7,120.0,99.9,79.5,79.0,82.6,81.5,78.3,88.5,119.0,150.3,154.4,141.4,127.7,104.9,90.2,84.5,90.7
